[{"model": "categories.category", "pk": 1, "fields": {"name": "Animated", "created_at": "2022-03-28T18:44:05.423Z", "updated_at": "2022-03-28T18:44:05.423Z"}}, {"model": "categories.category", "pk": 2, "fields": {"name": "Comedy", "created_at": "2022-03-28T18:44:14.401Z", "updated_at": "2022-03-28T18:44:14.401Z"}}, {"model": "categories.category", "pk": 3, "fields": {"name": "Drama", "created_at": "2022-03-28T18:44:21.307Z", "updated_at": "2022-03-28T18:44:21.307Z"}}, {"model": "categories.category", "pk": 4, "fields": {"name": "Horror", "created_at": "2022-03-28T18:44:27.663Z", "updated_at": "2022-03-28T18:44:27.663Z"}}, {"model": "movies.movie", "pk": 1, "fields": {"name": "Ice Age", "description": "Twenty-thousand years ago, Earth is a wondrous, prehistoric world filled with great danger, not the least of which is the beginning of the Ice Age. To avoid a really bad frostbite, the planet’s majestic creatures - and a few small, slothful ones - begin migrating south . Thestory revolves around sub-zero heroes: a woolly mammoth, a saber-toothed tiger, a sloth and a prehistoric combination of a squir", "image": "image/upload/v1648508214/wk798snli5pktenywnih.png", "image_mobile": "image/upload/v1648508214/nywfx1myumxsplc2e7aj.jpg", "movie_duration": 45, "state": "USA", "release_type": "Newly Released", "category_id": 1, "rating": 9, "release_date": 1, "trailer_link": "www.google.com", "created_at": "2022-03-28T20:45:38.459Z", "updated_at": "2022-03-28T22:56:55.408Z"}}, {"model": "movies.movie", "pk": 2, "fields": {"name": "Zootopia", "description": "A wide-eyed camel is joined by a cunning desert fox and a mistrusting goat on his epic journey to cross the Arabian desert in order to find its best friend. A wide-eyed camel is joined by a cunning desert fox and a mistrusting goat on his epic journey to cross the Arabian desert in order to find its best friend.", "image": "image/upload/v1648591097/fnjyy55hwcidqmvyow1s.png", "image_mobile": "image/upload/v1648590804/m4qgrdcy0gwajhkgniyn.webp", "movie_duration": 45, "state": "USA", "release_type": "Coming Soon", "category_id": 1, "rating": 9, "release_date": 3, "trailer_link": "www.google.com", "created_at": "2022-03-29T21:44:11.892Z", "updated_at": "2022-03-29T21:58:17.633Z"}}, {"model": "movies.movie", "pk": 3, "fields": {"name": "Angry Bird", "description": "A reclusive, temperamental outcast bird named Red lives in a village on Bird Island with other flightless birds. When his temper causes a \"premature hatching\" of another bird's egg, he is sentenced to take an anger management class.", "image": "image/upload/v1648591750/eibdjdcllmidgbuzonlq.png", "image_mobile": "image/upload/v1648591752/eqohq42r6grhi9sh99ua.webp", "movie_duration": 45, "state": "USA", "release_type": "Newly Released", "category_id": 1, "rating": 9, "release_date": 13, "trailer_link": "www.google.com", "created_at": "2022-03-29T22:08:32.506Z", "updated_at": "2022-03-29T22:09:12.830Z"}}]